{
    "loss": 2.0703279972076416,
    "accuracy": 0.7843137383460999
}