{
    "loss": 0.02842072956264019,
    "accuracy": 0.9901960492134094
}