{
    "loss": 0.06488094478845596,
    "accuracy": 0.9803921580314636
}